Month,AccountCategory,AccountSubcategory,Department,Scenario,Amount
2024-01-01,Revenue,Product Sales,All,Actual,5427970.58
2024-01-01,Revenue,Product Sales,All,Budget,5651604.69
2024-01-01,Revenue,Service Income,All,Actual,5294290.26
2024-01-01,Revenue,Service Income,All,Budget,5585646.39
2024-01-01,COGS,Materials,All,Actual,2947397.0
2024-01-01,COGS,Materials,All,Budget,2799569.89
2024-01-01,COGS,Freight,All,Actual,3067483.94
2024-01-01,COGS,Freight,All,Budget,3077250.84
2024-01-01,Opex,Salaries,Sales,Actual,144371.14
2024-01-01,Opex,Salaries,Sales,Budget,152956.07
2024-01-01,Opex,Salaries,Marketing,Actual,206063.59
2024-01-01,Opex,Salaries,Marketing,Budget,202863.72
2024-01-01,Opex,Salaries,Operations,Actual,246358.76
2024-01-01,Opex,Salaries,Operations,Budget,235701.38
2024-01-01,Opex,Salaries,IT,Actual,309982.45
2024-01-01,Opex,Salaries,IT,Budget,311229.86
2024-01-01,Opex,Salaries,HR,Actual,355763.66
2024-01-01,Opex,Salaries,HR,Budget,328442.98
2024-01-01,Opex,Rent,Sales,Actual,175846.72
2024-01-01,Opex,Rent,Sales,Budget,166281.62
2024-01-01,Opex,Rent,Marketing,Actual,205122.04
2024-01-01,Opex,Rent,Marketing,Budget,241866.31
2024-01-01,Opex,Rent,Operations,Actual,259291.98
2024-01-01,Opex,Rent,Operations,Budget,245169.41
2024-01-01,Opex,Rent,IT,Actual,302462.76
2024-01-01,Opex,Rent,IT,Budget,276737.34
2024-01-01,Opex,Rent,HR,Actual,382666.97
2024-01-01,Opex,Rent,HR,Budget,361804.15
2024-01-01,Opex,Utilities,Sales,Actual,162425.95
2024-01-01,Opex,Utilities,Sales,Budget,186039.2
2024-01-01,Opex,Utilities,Marketing,Actual,198205.8
2024-01-01,Opex,Utilities,Marketing,Budget,233667.67
2024-01-01,Opex,Utilities,Operations,Actual,236556.48
2024-01-01,Opex,Utilities,Operations,Budget,267373.02
2024-01-01,Opex,Utilities,IT,Actual,296878.98
2024-01-01,Opex,Utilities,IT,Budget,357669.93
2024-01-01,Opex,Utilities,HR,Actual,409208.77
2024-01-01,Opex,Utilities,HR,Budget,373787.01
2024-01-01,Opex,Marketing,Sales,Actual,189079.92
2024-01-01,Opex,Marketing,Sales,Budget,183456.15
2024-01-01,Opex,Marketing,Marketing,Actual,237839.25
2024-01-01,Opex,Marketing,Marketing,Budget,226510.85
2024-01-01,Opex,Marketing,Operations,Actual,251299.9
2024-01-01,Opex,Marketing,Operations,Budget,258107.94
2024-01-01,Opex,Marketing,IT,Actual,337585.81
2024-01-01,Opex,Marketing,IT,Budget,384402.38
2024-01-01,Opex,Marketing,HR,Actual,386142.59
2024-01-01,Opex,Marketing,HR,Budget,379439.01
2024-01-01,Opex,IT,Sales,Actual,211797.02
2024-01-01,Opex,IT,Sales,Budget,198405.24
2024-01-01,Opex,IT,Marketing,Actual,241460.65
2024-01-01,Opex,IT,Marketing,Budget,250837.12
2024-01-01,Opex,IT,Operations,Actual,287696.64
2024-01-01,Opex,IT,Operations,Budget,293315.11
2024-01-01,Opex,IT,IT,Actual,310726.75
2024-01-01,Opex,IT,IT,Budget,360433.13
2024-01-01,Opex,IT,HR,Actual,387782.25
2024-01-01,Opex,IT,HR,Budget,429618.21
2024-02-01,Revenue,Product Sales,All,Actual,4893129.32
2024-02-01,Revenue,Product Sales,All,Budget,5305258.68
2024-02-01,Revenue,Service Income,All,Actual,4851342.52
2024-02-01,Revenue,Service Income,All,Budget,4924012.18
2024-02-01,COGS,Materials,All,Actual,2434262.09
2024-02-01,COGS,Materials,All,Budget,2500069.19
2024-02-01,COGS,Freight,All,Actual,2525614.19
2024-02-01,COGS,Freight,All,Budget,2486779.93
2024-02-01,Opex,Salaries,Sales,Actual,165658.47
2024-02-01,Opex,Salaries,Sales,Budget,153982.37
2024-02-01,Opex,Salaries,Marketing,Actual,203316.82
2024-02-01,Opex,Salaries,Marketing,Budget,225491.46
2024-02-01,Opex,Salaries,Operations,Actual,274730.18
2024-02-01,Opex,Salaries,Operations,Budget,256343.48
2024-02-01,Opex,Salaries,IT,Actual,308015.37
2024-02-01,Opex,Salaries,IT,Budget,324378.68
2024-02-01,Opex,Salaries,HR,Actual,347926.89
2024-02-01,Opex,Salaries,HR,Budget,325008.37
2024-02-01,Opex,Rent,Sales,Actual,168363.74
2024-02-01,Opex,Rent,Sales,Budget,175553.1
2024-02-01,Opex,Rent,Marketing,Actual,217285.19
2024-02-01,Opex,Rent,Marketing,Budget,206612.51
2024-02-01,Opex,Rent,Operations,Actual,258918.45
2024-02-01,Opex,Rent,Operations,Budget,260573.1
2024-02-01,Opex,Rent,IT,Actual,306389.41
2024-02-01,Opex,Rent,IT,Budget,345637.69
2024-02-01,Opex,Rent,HR,Actual,395222.47
2024-02-01,Opex,Rent,HR,Budget,387399.76
2024-02-01,Opex,Utilities,Sales,Actual,177663.05
2024-02-01,Opex,Utilities,Sales,Budget,184142.81
2024-02-01,Opex,Utilities,Marketing,Actual,221836.93
2024-02-01,Opex,Utilities,Marketing,Budget,227652.16
2024-02-01,Opex,Utilities,Operations,Actual,261006.11
2024-02-01,Opex,Utilities,Operations,Budget,279248.24
2024-02-01,Opex,Utilities,IT,Actual,365662.18
2024-02-01,Opex,Utilities,IT,Budget,348449.84
2024-02-01,Opex,Utilities,HR,Actual,364363.95
2024-02-01,Opex,Utilities,HR,Budget,372626.6
2024-02-01,Opex,Marketing,Sales,Actual,172559.77
2024-02-01,Opex,Marketing,Sales,Budget,191548.12
2024-02-01,Opex,Marketing,Marketing,Actual,237450.32
2024-02-01,Opex,Marketing,Marketing,Budget,218871.75
2024-02-01,Opex,Marketing,Operations,Actual,290228.79
2024-02-01,Opex,Marketing,Operations,Budget,280824.53
2024-02-01,Opex,Marketing,IT,Actual,360420.29
2024-02-01,Opex,Marketing,IT,Budget,345084.33
2024-02-01,Opex,Marketing,HR,Actual,421370.37
2024-02-01,Opex,Marketing,HR,Budget,382959.73
2024-02-01,Opex,IT,Sales,Actual,188682.43
2024-02-01,Opex,IT,Sales,Budget,201213.79
2024-02-01,Opex,IT,Marketing,Actual,257332.37
2024-02-01,Opex,IT,Marketing,Budget,257476.61
2024-02-01,Opex,IT,Operations,Actual,270388.66
2024-02-01,Opex,IT,Operations,Budget,303964.42
2024-02-01,Opex,IT,IT,Actual,342456.46
2024-02-01,Opex,IT,IT,Budget,343455.51
2024-02-01,Opex,IT,HR,Actual,376756.56
2024-02-01,Opex,IT,HR,Budget,444863.02
2024-03-01,Revenue,Product Sales,All,Actual,4996104.9
2024-03-01,Revenue,Product Sales,All,Budget,5068686.48
2024-03-01,Revenue,Service Income,All,Actual,4891253.28
2024-03-01,Revenue,Service Income,All,Budget,5164383.18
2024-03-01,COGS,Materials,All,Actual,2684337.3
2024-03-01,COGS,Materials,All,Budget,2723679.29
2024-03-01,COGS,Freight,All,Actual,2734422.54
2024-03-01,COGS,Freight,All,Budget,2715406.41
2024-03-01,Opex,Salaries,Sales,Actual,148299.64
2024-03-01,Opex,Salaries,Sales,Budget,155272.51
2024-03-01,Opex,Salaries,Marketing,Actual,197623.3
2024-03-01,Opex,Salaries,Marketing,Budget,212687.0
2024-03-01,Opex,Salaries,Operations,Actual,237571.51
2024-03-01,Opex,Salaries,Operations,Budget,233693.83
2024-03-01,Opex,Salaries,IT,Actual,305607.95
2024-03-01,Opex,Salaries,IT,Budget,288741.87
2024-03-01,Opex,Salaries,HR,Actual,312539.99
2024-03-01,Opex,Salaries,HR,Budget,372549.55
2024-03-01,Opex,Rent,Sales,Actual,157003.24
2024-03-01,Opex,Rent,Sales,Budget,173801.87
2024-03-01,Opex,Rent,Marketing,Actual,207183.84
2024-03-01,Opex,Rent,Marketing,Budget,206014.0
2024-03-01,Opex,Rent,Operations,Actual,244302.68
2024-03-01,Opex,Rent,Operations,Budget,263763.55
2024-03-01,Opex,Rent,IT,Actual,308849.47
2024-03-01,Opex,Rent,IT,Budget,307906.01
2024-03-01,Opex,Rent,HR,Actual,357860.6
2024-03-01,Opex,Rent,HR,Budget,341371.53
2024-03-01,Opex,Utilities,Sales,Actual,174151.26
2024-03-01,Opex,Utilities,Sales,Budget,160494.31
2024-03-01,Opex,Utilities,Marketing,Actual,221394.57
2024-03-01,Opex,Utilities,Marketing,Budget,240091.63
2024-03-01,Opex,Utilities,Operations,Actual,291951.47
2024-03-01,Opex,Utilities,Operations,Budget,310404.41
2024-03-01,Opex,Utilities,IT,Actual,293745.77
2024-03-01,Opex,Utilities,IT,Budget,348469.62
2024-03-01,Opex,Utilities,HR,Actual,401068.97
2024-03-01,Opex,Utilities,HR,Budget,407223.7
2024-03-01,Opex,Marketing,Sales,Actual,173740.27
2024-03-01,Opex,Marketing,Sales,Budget,194066.24
2024-03-01,Opex,Marketing,Marketing,Actual,260115.18
2024-03-01,Opex,Marketing,Marketing,Budget,219998.28
2024-03-01,Opex,Marketing,Operations,Actual,292116.79
2024-03-01,Opex,Marketing,Operations,Budget,311473.43
2024-03-01,Opex,Marketing,IT,Actual,320040.32
2024-03-01,Opex,Marketing,IT,Budget,355702.72
2024-03-01,Opex,Marketing,HR,Actual,359326.64
2024-03-01,Opex,Marketing,HR,Budget,376806.71
2024-03-01,Opex,IT,Sales,Actual,184489.19
2024-03-01,Opex,IT,Sales,Budget,202058.46
2024-03-01,Opex,IT,Marketing,Actual,242668.03
2024-03-01,Opex,IT,Marketing,Budget,265288.25
2024-03-01,Opex,IT,Operations,Actual,277413.48
2024-03-01,Opex,IT,Operations,Budget,300504.3
2024-03-01,Opex,IT,IT,Actual,363836.62
2024-03-01,Opex,IT,IT,Budget,365894.44
2024-03-01,Opex,IT,HR,Actual,362685.48
2024-03-01,Opex,IT,HR,Budget,421545.42
2024-04-01,Revenue,Product Sales,All,Actual,4924418.71
2024-04-01,Revenue,Product Sales,All,Budget,5205330.15
2024-04-01,Revenue,Service Income,All,Actual,4897461.29
2024-04-01,Revenue,Service Income,All,Budget,4755388.22
2024-04-01,COGS,Materials,All,Actual,2564457.7
2024-04-01,COGS,Materials,All,Budget,2846732.39
2024-04-01,COGS,Freight,All,Actual,2685087.79
2024-04-01,COGS,Freight,All,Budget,2890882.98
2024-04-01,Opex,Salaries,Sales,Actual,158559.39
2024-04-01,Opex,Salaries,Sales,Budget,153668.74
2024-04-01,Opex,Salaries,Marketing,Actual,219378.55
2024-04-01,Opex,Salaries,Marketing,Budget,202200.56
2024-04-01,Opex,Salaries,Operations,Actual,224471.52
2024-04-01,Opex,Salaries,Operations,Budget,295379.9
2024-04-01,Opex,Salaries,IT,Actual,270918.65
2024-04-01,Opex,Salaries,IT,Budget,326864.54
2024-04-01,Opex,Salaries,HR,Actual,376053.87
2024-04-01,Opex,Salaries,HR,Budget,369821.33
2024-04-01,Opex,Rent,Sales,Actual,149233.37
2024-04-01,Opex,Rent,Sales,Budget,181089.55
2024-04-01,Opex,Rent,Marketing,Actual,197317.59
2024-04-01,Opex,Rent,Marketing,Budget,205066.57
2024-04-01,Opex,Rent,Operations,Actual,260227.77
2024-04-01,Opex,Rent,Operations,Budget,286564.53
2024-04-01,Opex,Rent,IT,Actual,321690.16
2024-04-01,Opex,Rent,IT,Budget,340852.17
2024-04-01,Opex,Rent,HR,Actual,356257.58
2024-04-01,Opex,Rent,HR,Budget,373198.86
2024-04-01,Opex,Utilities,Sales,Actual,163991.84
2024-04-01,Opex,Utilities,Sales,Budget,177933.9
2024-04-01,Opex,Utilities,Marketing,Actual,234042.82
2024-04-01,Opex,Utilities,Marketing,Budget,228714.33
2024-04-01,Opex,Utilities,Operations,Actual,283873.61
2024-04-01,Opex,Utilities,Operations,Budget,274786.58
2024-04-01,Opex,Utilities,IT,Actual,314412.82
2024-04-01,Opex,Utilities,IT,Budget,336546.14
2024-04-01,Opex,Utilities,HR,Actual,371603.47
2024-04-01,Opex,Utilities,HR,Budget,400644.21
2024-04-01,Opex,Marketing,Sales,Actual,187989.72
2024-04-01,Opex,Marketing,Sales,Budget,211002.26
2024-04-01,Opex,Marketing,Marketing,Actual,232891.96
2024-04-01,Opex,Marketing,Marketing,Budget,239862.1
2024-04-01,Opex,Marketing,Operations,Actual,268151.35
2024-04-01,Opex,Marketing,Operations,Budget,294970.87
2024-04-01,Opex,Marketing,IT,Actual,349765.83
2024-04-01,Opex,Marketing,IT,Budget,331155.64
2024-04-01,Opex,Marketing,HR,Actual,384849.59
2024-04-01,Opex,Marketing,HR,Budget,414221.77
2024-04-01,Opex,IT,Sales,Actual,194507.55
2024-04-01,Opex,IT,Sales,Budget,195774.95
2024-04-01,Opex,IT,Marketing,Actual,260362.85
2024-04-01,Opex,IT,Marketing,Budget,254812.01
2024-04-01,Opex,IT,Operations,Actual,303042.99
2024-04-01,Opex,IT,Operations,Budget,325683.95
2024-04-01,Opex,IT,IT,Actual,369776.76
2024-04-01,Opex,IT,IT,Budget,349172.04
2024-04-01,Opex,IT,HR,Actual,383515.79
2024-04-01,Opex,IT,HR,Budget,414635.18
2024-05-01,Revenue,Product Sales,All,Actual,5156837.24
2024-05-01,Revenue,Product Sales,All,Budget,5118692.13
2024-05-01,Revenue,Service Income,All,Actual,5076526.45
2024-05-01,Revenue,Service Income,All,Budget,4941037.84
2024-05-01,COGS,Materials,All,Actual,2722671.47
2024-05-01,COGS,Materials,All,Budget,2580110.73
2024-05-01,COGS,Freight,All,Actual,2578101.03
2024-05-01,COGS,Freight,All,Budget,2495891.49
2024-05-01,Opex,Salaries,Sales,Actual,156417.32
2024-05-01,Opex,Salaries,Sales,Budget,160561.46
2024-05-01,Opex,Salaries,Marketing,Actual,205686.7
2024-05-01,Opex,Salaries,Marketing,Budget,219712.54
2024-05-01,Opex,Salaries,Operations,Actual,258934.15
2024-05-01,Opex,Salaries,Operations,Budget,280845.12
2024-05-01,Opex,Salaries,IT,Actual,299348.44
2024-05-01,Opex,Salaries,IT,Budget,298833.63
2024-05-01,Opex,Salaries,HR,Actual,357589.59
2024-05-01,Opex,Salaries,HR,Budget,382237.35
2024-05-01,Opex,Rent,Sales,Actual,180545.99
2024-05-01,Opex,Rent,Sales,Budget,181244.33
2024-05-01,Opex,Rent,Marketing,Actual,194908.04
2024-05-01,Opex,Rent,Marketing,Budget,229471.92
2024-05-01,Opex,Rent,Operations,Actual,291482.78
2024-05-01,Opex,Rent,Operations,Budget,277046.23
2024-05-01,Opex,Rent,IT,Actual,308153.91
2024-05-01,Opex,Rent,IT,Budget,333438.79
2024-05-01,Opex,Rent,HR,Actual,356888.42
2024-05-01,Opex,Rent,HR,Budget,393151.62
2024-05-01,Opex,Utilities,Sales,Actual,177861.22
2024-05-01,Opex,Utilities,Sales,Budget,198217.24
2024-05-01,Opex,Utilities,Marketing,Actual,234833.2
2024-05-01,Opex,Utilities,Marketing,Budget,224937.26
2024-05-01,Opex,Utilities,Operations,Actual,288085.25
2024-05-01,Opex,Utilities,Operations,Budget,301952.68
2024-05-01,Opex,Utilities,IT,Actual,316812.79
2024-05-01,Opex,Utilities,IT,Budget,329460.37
2024-05-01,Opex,Utilities,HR,Actual,325718.44
2024-05-01,Opex,Utilities,HR,Budget,409829.25
2024-05-01,Opex,Marketing,Sales,Actual,181370.13
2024-05-01,Opex,Marketing,Sales,Budget,169699.9
2024-05-01,Opex,Marketing,Marketing,Actual,212741.94
2024-05-01,Opex,Marketing,Marketing,Budget,241956.27
2024-05-01,Opex,Marketing,Operations,Actual,301144.2
2024-05-01,Opex,Marketing,Operations,Budget,295100.96
2024-05-01,Opex,Marketing,IT,Actual,347567.65
2024-05-01,Opex,Marketing,IT,Budget,325801.59
2024-05-01,Opex,Marketing,HR,Actual,356773.01
2024-05-01,Opex,Marketing,HR,Budget,420259.58
2024-05-01,Opex,IT,Sales,Actual,203846.68
2024-05-01,Opex,IT,Sales,Budget,203577.55
2024-05-01,Opex,IT,Marketing,Actual,267077.54
2024-05-01,Opex,IT,Marketing,Budget,241286.29
2024-05-01,Opex,IT,Operations,Actual,290485.64
2024-05-01,Opex,IT,Operations,Budget,325291.52
2024-05-01,Opex,IT,IT,Actual,386373.15
2024-05-01,Opex,IT,IT,Budget,358615.93
2024-05-01,Opex,IT,HR,Actual,438106.92
2024-05-01,Opex,IT,HR,Budget,395552.05
2024-06-01,Revenue,Product Sales,All,Actual,4840272.26
2024-06-01,Revenue,Product Sales,All,Budget,5274244.51
2024-06-01,Revenue,Service Income,All,Actual,5224656.72
2024-06-01,Revenue,Service Income,All,Budget,5212303.85
2024-06-01,COGS,Materials,All,Actual,2774462.73
2024-06-01,COGS,Materials,All,Budget,2992971.79
2024-06-01,COGS,Freight,All,Actual,2643220.52
2024-06-01,COGS,Freight,All,Budget,2671280.08
2024-06-01,Opex,Salaries,Sales,Actual,153721.22
2024-06-01,Opex,Salaries,Sales,Budget,153312.42
2024-06-01,Opex,Salaries,Marketing,Actual,226963.24
2024-06-01,Opex,Salaries,Marketing,Budget,220202.08
2024-06-01,Opex,Salaries,Operations,Actual,246520.15
2024-06-01,Opex,Salaries,Operations,Budget,258214.13
2024-06-01,Opex,Salaries,IT,Actual,363215.85
2024-06-01,Opex,Salaries,IT,Budget,307952.33
2024-06-01,Opex,Salaries,HR,Actual,343540.27
2024-06-01,Opex,Salaries,HR,Budget,377373.03
2024-06-01,Opex,Rent,Sales,Actual,176510.18
2024-06-01,Opex,Rent,Sales,Budget,177361.15
2024-06-01,Opex,Rent,Marketing,Actual,208006.14
2024-06-01,Opex,Rent,Marketing,Budget,211298.73
2024-06-01,Opex,Rent,Operations,Actual,279657.48
2024-06-01,Opex,Rent,Operations,Budget,277222.12
2024-06-01,Opex,Rent,IT,Actual,288484.49
2024-06-01,Opex,Rent,IT,Budget,352083.22
2024-06-01,Opex,Rent,HR,Actual,387212.3
2024-06-01,Opex,Rent,HR,Budget,375750.82
2024-06-01,Opex,Utilities,Sales,Actual,177189.15
2024-06-01,Opex,Utilities,Sales,Budget,187899.77
2024-06-01,Opex,Utilities,Marketing,Actual,220519.27
2024-06-01,Opex,Utilities,Marketing,Budget,218293.29
2024-06-01,Opex,Utilities,Operations,Actual,285418.3
2024-06-01,Opex,Utilities,Operations,Budget,264223.35
2024-06-01,Opex,Utilities,IT,Actual,337736.39
2024-06-01,Opex,Utilities,IT,Budget,311364.09
2024-06-01,Opex,Utilities,HR,Actual,377738.03
2024-06-01,Opex,Utilities,HR,Budget,388307.3
2024-06-01,Opex,Marketing,Sales,Actual,210321.97
2024-06-01,Opex,Marketing,Sales,Budget,183566.03
2024-06-01,Opex,Marketing,Marketing,Actual,219624.78
2024-06-01,Opex,Marketing,Marketing,Budget,237895.05
2024-06-01,Opex,Marketing,Operations,Actual,270447.06
2024-06-01,Opex,Marketing,Operations,Budget,288438.13
2024-06-01,Opex,Marketing,IT,Actual,348584.34
2024-06-01,Opex,Marketing,IT,Budget,365948.34
2024-06-01,Opex,Marketing,HR,Actual,428833.73
2024-06-01,Opex,Marketing,HR,Budget,384461.82
2024-06-01,Opex,IT,Sales,Actual,231662.47
2024-06-01,Opex,IT,Sales,Budget,229786.22
2024-06-01,Opex,IT,Marketing,Actual,246947.1
2024-06-01,Opex,IT,Marketing,Budget,223128.7
2024-06-01,Opex,IT,Operations,Actual,298503.98
2024-06-01,Opex,IT,Operations,Budget,310305.14
2024-06-01,Opex,IT,IT,Actual,301715.77
2024-06-01,Opex,IT,IT,Budget,362050.47
2024-06-01,Opex,IT,HR,Actual,395196.3
2024-06-01,Opex,IT,HR,Budget,393142.93
2024-07-01,Revenue,Product Sales,All,Actual,5081445.82
2024-07-01,Revenue,Product Sales,All,Budget,5346857.47
2024-07-01,Revenue,Service Income,All,Actual,5055361.18
2024-07-01,Revenue,Service Income,All,Budget,5189669.37
2024-07-01,COGS,Materials,All,Actual,2920821.03
2024-07-01,COGS,Materials,All,Budget,3030752.88
2024-07-01,COGS,Freight,All,Actual,2845960.15
2024-07-01,COGS,Freight,All,Budget,2711984.37
2024-07-01,Opex,Salaries,Sales,Actual,167693.83
2024-07-01,Opex,Salaries,Sales,Budget,151341.46
2024-07-01,Opex,Salaries,Marketing,Actual,213551.82
2024-07-01,Opex,Salaries,Marketing,Budget,240989.21
2024-07-01,Opex,Salaries,Operations,Actual,261735.44
2024-07-01,Opex,Salaries,Operations,Budget,251157.13
2024-07-01,Opex,Salaries,IT,Actual,284646.73
2024-07-01,Opex,Salaries,IT,Budget,343271.04
2024-07-01,Opex,Salaries,HR,Actual,361631.88
2024-07-01,Opex,Salaries,HR,Budget,384583.12
2024-07-01,Opex,Rent,Sales,Actual,181559.43
2024-07-01,Opex,Rent,Sales,Budget,176654.3
2024-07-01,Opex,Rent,Marketing,Actual,217889.39
2024-07-01,Opex,Rent,Marketing,Budget,216041.33
2024-07-01,Opex,Rent,Operations,Actual,221693.52
2024-07-01,Opex,Rent,Operations,Budget,255386.23
2024-07-01,Opex,Rent,IT,Actual,320655.45
2024-07-01,Opex,Rent,IT,Budget,328273.94
2024-07-01,Opex,Rent,HR,Actual,381007.46
2024-07-01,Opex,Rent,HR,Budget,380332.35
2024-07-01,Opex,Utilities,Sales,Actual,183740.18
2024-07-01,Opex,Utilities,Sales,Budget,196062.76
2024-07-01,Opex,Utilities,Marketing,Actual,219680.17
2024-07-01,Opex,Utilities,Marketing,Budget,234962.76
2024-07-01,Opex,Utilities,Operations,Actual,254805.96
2024-07-01,Opex,Utilities,Operations,Budget,306921.35
2024-07-01,Opex,Utilities,IT,Actual,332765.28
2024-07-01,Opex,Utilities,IT,Budget,351717.26
2024-07-01,Opex,Utilities,HR,Actual,417353.71
2024-07-01,Opex,Utilities,HR,Budget,418203.19
2024-07-01,Opex,Marketing,Sales,Actual,191308.78
2024-07-01,Opex,Marketing,Sales,Budget,206834.14
2024-07-01,Opex,Marketing,Marketing,Actual,221211.66
2024-07-01,Opex,Marketing,Marketing,Budget,255560.37
2024-07-01,Opex,Marketing,Operations,Actual,294433.7
2024-07-01,Opex,Marketing,Operations,Budget,272407.93
2024-07-01,Opex,Marketing,IT,Actual,369441.81
2024-07-01,Opex,Marketing,IT,Budget,337812.34
2024-07-01,Opex,Marketing,HR,Actual,408069.54
2024-07-01,Opex,Marketing,HR,Budget,393883.13
2024-07-01,Opex,IT,Sales,Actual,214041.74
2024-07-01,Opex,IT,Sales,Budget,223964.61
2024-07-01,Opex,IT,Marketing,Actual,239449.65
2024-07-01,Opex,IT,Marketing,Budget,236420.37
2024-07-01,Opex,IT,Operations,Actual,299618.85
2024-07-01,Opex,IT,Operations,Budget,326442.37
2024-07-01,Opex,IT,IT,Actual,344157.89
2024-07-01,Opex,IT,IT,Budget,349602.38
2024-07-01,Opex,IT,HR,Actual,413777.37
2024-07-01,Opex,IT,HR,Budget,347452.2
2024-08-01,Revenue,Product Sales,All,Actual,4876573.41
2024-08-01,Revenue,Product Sales,All,Budget,4872068.82
2024-08-01,Revenue,Service Income,All,Actual,4672105.48
2024-08-01,Revenue,Service Income,All,Budget,4927525.04
2024-08-01,COGS,Materials,All,Actual,2404756.3
2024-08-01,COGS,Materials,All,Budget,2604572.07
2024-08-01,COGS,Freight,All,Actual,2485083.43
2024-08-01,COGS,Freight,All,Budget,2567343.76
2024-08-01,Opex,Salaries,Sales,Actual,156943.36
2024-08-01,Opex,Salaries,Sales,Budget,177896.67
2024-08-01,Opex,Salaries,Marketing,Actual,212602.32
2024-08-01,Opex,Salaries,Marketing,Budget,227154.73
2024-08-01,Opex,Salaries,Operations,Actual,271599.8
2024-08-01,Opex,Salaries,Operations,Budget,259150.57
2024-08-01,Opex,Salaries,IT,Actual,324738.3
2024-08-01,Opex,Salaries,IT,Budget,329997.2
2024-08-01,Opex,Salaries,HR,Actual,370850.08
2024-08-01,Opex,Salaries,HR,Budget,366212.54
2024-08-01,Opex,Rent,Sales,Actual,169543.75
2024-08-01,Opex,Rent,Sales,Budget,187421.16
2024-08-01,Opex,Rent,Marketing,Actual,253325.54
2024-08-01,Opex,Rent,Marketing,Budget,219563.09
2024-08-01,Opex,Rent,Operations,Actual,282786.33
2024-08-01,Opex,Rent,Operations,Budget,276198.81
2024-08-01,Opex,Rent,IT,Actual,339257.61
2024-08-01,Opex,Rent,IT,Budget,342240.81
2024-08-01,Opex,Rent,HR,Actual,397789.22
2024-08-01,Opex,Rent,HR,Budget,322505.03
2024-08-01,Opex,Utilities,Sales,Actual,177364.05
2024-08-01,Opex,Utilities,Sales,Budget,178610.44
2024-08-01,Opex,Utilities,Marketing,Actual,232483.85
2024-08-01,Opex,Utilities,Marketing,Budget,230856.92
2024-08-01,Opex,Utilities,Operations,Actual,273077.78
2024-08-01,Opex,Utilities,Operations,Budget,304138.89
2024-08-01,Opex,Utilities,IT,Actual,372114.64
2024-08-01,Opex,Utilities,IT,Budget,287430.44
2024-08-01,Opex,Utilities,HR,Actual,376847.23
2024-08-01,Opex,Utilities,HR,Budget,402709.72
2024-08-01,Opex,Marketing,Sales,Actual,194055.09
2024-08-01,Opex,Marketing,Sales,Budget,195802.63
2024-08-01,Opex,Marketing,Marketing,Actual,224185.24
2024-08-01,Opex,Marketing,Marketing,Budget,237519.28
2024-08-01,Opex,Marketing,Operations,Actual,306788.68
2024-08-01,Opex,Marketing,Operations,Budget,321796.45
2024-08-01,Opex,Marketing,IT,Actual,345995.36
2024-08-01,Opex,Marketing,IT,Budget,337061.4
2024-08-01,Opex,Marketing,HR,Actual,396262.61
2024-08-01,Opex,Marketing,HR,Budget,400145.46
2024-08-01,Opex,IT,Sales,Actual,210678.2
2024-08-01,Opex,IT,Sales,Budget,211567.98
2024-08-01,Opex,IT,Marketing,Actual,244523.93
2024-08-01,Opex,IT,Marketing,Budget,264525.86
2024-08-01,Opex,IT,Operations,Actual,282487.66
2024-08-01,Opex,IT,Operations,Budget,328077.02
2024-08-01,Opex,IT,IT,Actual,379112.8
2024-08-01,Opex,IT,IT,Budget,339588.57
2024-08-01,Opex,IT,HR,Actual,414206.18
2024-08-01,Opex,IT,HR,Budget,392091.8
2024-09-01,Revenue,Product Sales,All,Actual,5231544.28
2024-09-01,Revenue,Product Sales,All,Budget,5583195.69
2024-09-01,Revenue,Service Income,All,Actual,5199792.46
2024-09-01,Revenue,Service Income,All,Budget,5324338.97
2024-09-01,COGS,Materials,All,Actual,2897711.55
2024-09-01,COGS,Materials,All,Budget,3007762.97
2024-09-01,COGS,Freight,All,Actual,2926806.74
2024-09-01,COGS,Freight,All,Budget,3042775.14
2024-09-01,Opex,Salaries,Sales,Actual,159874.02
2024-09-01,Opex,Salaries,Sales,Budget,178596.37
2024-09-01,Opex,Salaries,Marketing,Actual,229231.76
2024-09-01,Opex,Salaries,Marketing,Budget,216053.63
2024-09-01,Opex,Salaries,Operations,Actual,243222.29
2024-09-01,Opex,Salaries,Operations,Budget,285533.02
2024-09-01,Opex,Salaries,IT,Actual,337587.03
2024-09-01,Opex,Salaries,IT,Budget,322384.81
2024-09-01,Opex,Salaries,HR,Actual,337748.09
2024-09-01,Opex,Salaries,HR,Budget,382838.07
2024-09-01,Opex,Rent,Sales,Actual,192100.5
2024-09-01,Opex,Rent,Sales,Budget,161465.99
2024-09-01,Opex,Rent,Marketing,Actual,232480.67
2024-09-01,Opex,Rent,Marketing,Budget,228527.12
2024-09-01,Opex,Rent,Operations,Actual,261830.04
2024-09-01,Opex,Rent,Operations,Budget,292530.18
2024-09-01,Opex,Rent,IT,Actual,300594.89
2024-09-01,Opex,Rent,IT,Budget,341588.24
2024-09-01,Opex,Rent,HR,Actual,405627.12
2024-09-01,Opex,Rent,HR,Budget,391266.11
2024-09-01,Opex,Utilities,Sales,Actual,176220.24
2024-09-01,Opex,Utilities,Sales,Budget,171722.91
2024-09-01,Opex,Utilities,Marketing,Actual,217847.47
2024-09-01,Opex,Utilities,Marketing,Budget,217008.29
2024-09-01,Opex,Utilities,Operations,Actual,313449.69
2024-09-01,Opex,Utilities,Operations,Budget,290298.85
2024-09-01,Opex,Utilities,IT,Actual,314929.49
2024-09-01,Opex,Utilities,IT,Budget,319908.11
2024-09-01,Opex,Utilities,HR,Actual,361282.6
2024-09-01,Opex,Utilities,HR,Budget,389801.88
2024-09-01,Opex,Marketing,Sales,Actual,180916.5
2024-09-01,Opex,Marketing,Sales,Budget,221593.38
2024-09-01,Opex,Marketing,Marketing,Actual,234968.53
2024-09-01,Opex,Marketing,Marketing,Budget,241829.08
2024-09-01,Opex,Marketing,Operations,Actual,301465.79
2024-09-01,Opex,Marketing,Operations,Budget,330642.38
2024-09-01,Opex,Marketing,IT,Actual,373485.74
2024-09-01,Opex,Marketing,IT,Budget,346252.87
2024-09-01,Opex,Marketing,HR,Actual,402068.97
2024-09-01,Opex,Marketing,HR,Budget,411427.26
2024-09-01,Opex,IT,Sales,Actual,212549.5
2024-09-01,Opex,IT,Sales,Budget,215340.51
2024-09-01,Opex,IT,Marketing,Actual,241502.8
2024-09-01,Opex,IT,Marketing,Budget,244323.48
2024-09-01,Opex,IT,Operations,Actual,309225.04
2024-09-01,Opex,IT,Operations,Budget,293450.24
2024-09-01,Opex,IT,IT,Actual,385118.45
2024-09-01,Opex,IT,IT,Budget,367532.9
2024-09-01,Opex,IT,HR,Actual,381004.75
2024-09-01,Opex,IT,HR,Budget,410344.98
2024-10-01,Revenue,Product Sales,All,Actual,5011451.73
2024-10-01,Revenue,Product Sales,All,Budget,4808199.95
2024-10-01,Revenue,Service Income,All,Actual,4600142.43
2024-10-01,Revenue,Service Income,All,Budget,5068789.8
2024-10-01,COGS,Materials,All,Actual,2651465.6
2024-10-01,COGS,Materials,All,Budget,2741245.37
2024-10-01,COGS,Freight,All,Actual,2717886.98
2024-10-01,COGS,Freight,All,Budget,2704471.43
2024-10-01,Opex,Salaries,Sales,Actual,176060.87
2024-10-01,Opex,Salaries,Sales,Budget,164038.54
2024-10-01,Opex,Salaries,Marketing,Actual,218842.06
2024-10-01,Opex,Salaries,Marketing,Budget,213673.63
2024-10-01,Opex,Salaries,Operations,Actual,249831.12
2024-10-01,Opex,Salaries,Operations,Budget,285936.42
2024-10-01,Opex,Salaries,IT,Actual,328857.53
2024-10-01,Opex,Salaries,IT,Budget,290487.02
2024-10-01,Opex,Salaries,HR,Actual,343226.26
2024-10-01,Opex,Salaries,HR,Budget,385487.01
2024-10-01,Opex,Rent,Sales,Actual,189430.08
2024-10-01,Opex,Rent,Sales,Budget,176227.54
2024-10-01,Opex,Rent,Marketing,Actual,225485.48
2024-10-01,Opex,Rent,Marketing,Budget,215505.42
2024-10-01,Opex,Rent,Operations,Actual,319880.33
2024-10-01,Opex,Rent,Operations,Budget,294265.02
2024-10-01,Opex,Rent,IT,Actual,345605.99
2024-10-01,Opex,Rent,IT,Budget,350789.85
2024-10-01,Opex,Rent,HR,Actual,399165.97
2024-10-01,Opex,Rent,HR,Budget,403131.32
2024-10-01,Opex,Utilities,Sales,Actual,184219.08
2024-10-01,Opex,Utilities,Sales,Budget,202032.47
2024-10-01,Opex,Utilities,Marketing,Actual,239130.12
2024-10-01,Opex,Utilities,Marketing,Budget,263655.11
2024-10-01,Opex,Utilities,Operations,Actual,275289.73
2024-10-01,Opex,Utilities,Operations,Budget,287287.02
2024-10-01,Opex,Utilities,IT,Actual,351408.21
2024-10-01,Opex,Utilities,IT,Budget,374091.21
2024-10-01,Opex,Utilities,HR,Actual,391379.36
2024-10-01,Opex,Utilities,HR,Budget,383052.35
2024-10-01,Opex,Marketing,Sales,Actual,196586.8
2024-10-01,Opex,Marketing,Sales,Budget,198021.1
2024-10-01,Opex,Marketing,Marketing,Actual,276224.94
2024-10-01,Opex,Marketing,Marketing,Budget,268812.79
2024-10-01,Opex,Marketing,Operations,Actual,320608.24
2024-10-01,Opex,Marketing,Operations,Budget,312331.62
2024-10-01,Opex,Marketing,IT,Actual,336409.03
2024-10-01,Opex,Marketing,IT,Budget,382937.74
2024-10-01,Opex,Marketing,HR,Actual,437496.31
2024-10-01,Opex,Marketing,HR,Budget,423837.19
2024-10-01,Opex,IT,Sales,Actual,207697.33
2024-10-01,Opex,IT,Sales,Budget,227730.55
2024-10-01,Opex,IT,Marketing,Actual,252255.14
2024-10-01,Opex,IT,Marketing,Budget,277575.09
2024-10-01,Opex,IT,Operations,Actual,294849.92
2024-10-01,Opex,IT,Operations,Budget,299307.64
2024-10-01,Opex,IT,IT,Actual,370167.24
2024-10-01,Opex,IT,IT,Budget,375998.74
2024-10-01,Opex,IT,HR,Actual,454617.42
2024-10-01,Opex,IT,HR,Budget,413382.98
2024-11-01,Revenue,Product Sales,All,Actual,4725141.13
2024-11-01,Revenue,Product Sales,All,Budget,4888602.32
2024-11-01,Revenue,Service Income,All,Actual,5075409.51
2024-11-01,Revenue,Service Income,All,Budget,4979334.96
2024-11-01,COGS,Materials,All,Actual,2787967.06
2024-11-01,COGS,Materials,All,Budget,2872852.03
2024-11-01,COGS,Freight,All,Actual,2637273.43
2024-11-01,COGS,Freight,All,Budget,2898052.25
2024-11-01,Opex,Salaries,Sales,Actual,172317.44
2024-11-01,Opex,Salaries,Sales,Budget,186574.54
2024-11-01,Opex,Salaries,Marketing,Actual,217020.68
2024-11-01,Opex,Salaries,Marketing,Budget,239261.05
2024-11-01,Opex,Salaries,Operations,Actual,254718.26
2024-11-01,Opex,Salaries,Operations,Budget,288187.46
2024-11-01,Opex,Salaries,IT,Actual,311183.03
2024-11-01,Opex,Salaries,IT,Budget,327093.25
2024-11-01,Opex,Salaries,HR,Actual,384024.15
2024-11-01,Opex,Salaries,HR,Budget,384934.2
2024-11-01,Opex,Rent,Sales,Actual,179196.75
2024-11-01,Opex,Rent,Sales,Budget,193260.01
2024-11-01,Opex,Rent,Marketing,Actual,241084.25
2024-11-01,Opex,Rent,Marketing,Budget,217786.9
2024-11-01,Opex,Rent,Operations,Actual,289390.27
2024-11-01,Opex,Rent,Operations,Budget,299672.82
2024-11-01,Opex,Rent,IT,Actual,315115.95
2024-11-01,Opex,Rent,IT,Budget,347538.86
2024-11-01,Opex,Rent,HR,Actual,349807.48
2024-11-01,Opex,Rent,HR,Budget,424216.59
2024-11-01,Opex,Utilities,Sales,Actual,187290.74
2024-11-01,Opex,Utilities,Sales,Budget,194804.41
2024-11-01,Opex,Utilities,Marketing,Actual,257242.44
2024-11-01,Opex,Utilities,Marketing,Budget,245144.53
2024-11-01,Opex,Utilities,Operations,Actual,300420.65
2024-11-01,Opex,Utilities,Operations,Budget,280475.23
2024-11-01,Opex,Utilities,IT,Actual,328377.0
2024-11-01,Opex,Utilities,IT,Budget,321793.87
2024-11-01,Opex,Utilities,HR,Actual,385128.48
2024-11-01,Opex,Utilities,HR,Budget,425826.23
2024-11-01,Opex,Marketing,Sales,Actual,202683.3
2024-11-01,Opex,Marketing,Sales,Budget,216611.33
2024-11-01,Opex,Marketing,Marketing,Actual,234606.89
2024-11-01,Opex,Marketing,Marketing,Budget,244251.59
2024-11-01,Opex,Marketing,Operations,Actual,291620.22
2024-11-01,Opex,Marketing,Operations,Budget,319306.31
2024-11-01,Opex,Marketing,IT,Actual,357485.0
2024-11-01,Opex,Marketing,IT,Budget,360178.93
2024-11-01,Opex,Marketing,HR,Actual,414943.1
2024-11-01,Opex,Marketing,HR,Budget,408366.44
2024-11-01,Opex,IT,Sales,Actual,209728.79
2024-11-01,Opex,IT,Sales,Budget,232740.92
2024-11-01,Opex,IT,Marketing,Actual,250854.21
2024-11-01,Opex,IT,Marketing,Budget,270649.83
2024-11-01,Opex,IT,Operations,Actual,339982.17
2024-11-01,Opex,IT,Operations,Budget,321195.43
2024-11-01,Opex,IT,IT,Actual,375261.56
2024-11-01,Opex,IT,IT,Budget,357695.67
2024-11-01,Opex,IT,HR,Actual,458130.4
2024-11-01,Opex,IT,HR,Budget,366959.07
2024-12-01,Revenue,Product Sales,All,Actual,4945609.68
2024-12-01,Revenue,Product Sales,All,Budget,4907785.54
2024-12-01,Revenue,Service Income,All,Actual,4679302.17
2024-12-01,Revenue,Service Income,All,Budget,4676552.83
2024-12-01,COGS,Materials,All,Actual,2551623.68
2024-12-01,COGS,Materials,All,Budget,2576764.02
2024-12-01,COGS,Freight,All,Actual,2445279.9
2024-12-01,COGS,Freight,All,Budget,2415245.08
2024-12-01,Opex,Salaries,Sales,Actual,160619.54
2024-12-01,Opex,Salaries,Sales,Budget,179362.42
2024-12-01,Opex,Salaries,Marketing,Actual,226142.66
2024-12-01,Opex,Salaries,Marketing,Budget,229634.27
2024-12-01,Opex,Salaries,Operations,Actual,269526.13
2024-12-01,Opex,Salaries,Operations,Budget,251294.21
2024-12-01,Opex,Salaries,IT,Actual,322942.24
2024-12-01,Opex,Salaries,IT,Budget,311711.42
2024-12-01,Opex,Salaries,HR,Actual,372932.75
2024-12-01,Opex,Salaries,HR,Budget,393539.93
2024-12-01,Opex,Rent,Sales,Actual,174620.53
2024-12-01,Opex,Rent,Sales,Budget,176288.07
2024-12-01,Opex,Rent,Marketing,Actual,245831.07
2024-12-01,Opex,Rent,Marketing,Budget,243857.02
2024-12-01,Opex,Rent,Operations,Actual,271228.29
2024-12-01,Opex,Rent,Operations,Budget,239694.65
2024-12-01,Opex,Rent,IT,Actual,331021.42
2024-12-01,Opex,Rent,IT,Budget,354492.43
2024-12-01,Opex,Rent,HR,Actual,407706.08
2024-12-01,Opex,Rent,HR,Budget,377923.46
2024-12-01,Opex,Utilities,Sales,Actual,184592.29
2024-12-01,Opex,Utilities,Sales,Budget,192657.71
2024-12-01,Opex,Utilities,Marketing,Actual,254166.63
2024-12-01,Opex,Utilities,Marketing,Budget,232203.09
2024-12-01,Opex,Utilities,Operations,Actual,290022.4
2024-12-01,Opex,Utilities,Operations,Budget,284540.96
2024-12-01,Opex,Utilities,IT,Actual,347510.62
2024-12-01,Opex,Utilities,IT,Budget,320357.87
2024-12-01,Opex,Utilities,HR,Actual,400847.29
2024-12-01,Opex,Utilities,HR,Budget,392078.86
2024-12-01,Opex,Marketing,Sales,Actual,199284.66
2024-12-01,Opex,Marketing,Sales,Budget,214432.14
2024-12-01,Opex,Marketing,Marketing,Actual,269294.46
2024-12-01,Opex,Marketing,Marketing,Budget,233901.56
2024-12-01,Opex,Marketing,Operations,Actual,320184.42
2024-12-01,Opex,Marketing,Operations,Budget,321173.79
2024-12-01,Opex,Marketing,IT,Actual,345776.11
2024-12-01,Opex,Marketing,IT,Budget,392212.47
2024-12-01,Opex,Marketing,HR,Actual,406550.24
2024-12-01,Opex,Marketing,HR,Budget,445257.7
2024-12-01,Opex,IT,Sales,Actual,204459.72
2024-12-01,Opex,IT,Sales,Budget,207335.32
2024-12-01,Opex,IT,Marketing,Actual,281251.61
2024-12-01,Opex,IT,Marketing,Budget,303882.36
2024-12-01,Opex,IT,Operations,Actual,323864.46
2024-12-01,Opex,IT,Operations,Budget,338042.98
2024-12-01,Opex,IT,IT,Actual,351706.93
2024-12-01,Opex,IT,IT,Budget,344077.36
2024-12-01,Opex,IT,HR,Actual,406414.04
2024-12-01,Opex,IT,HR,Budget,461447.88
2025-01-01,Revenue,Product Sales,All,Actual,4274418.67
2025-01-01,Revenue,Product Sales,All,Budget,4685661.5
2025-01-01,Revenue,Service Income,All,Actual,4653823.24
2025-01-01,Revenue,Service Income,All,Budget,4501862.43
2025-01-01,COGS,Materials,All,Actual,2416801.74
2025-01-01,COGS,Materials,All,Budget,2636474.5
2025-01-01,COGS,Freight,All,Actual,2448342.73
2025-01-01,COGS,Freight,All,Budget,2384383.06
2025-01-01,Opex,Salaries,Sales,Actual,138153.65
2025-01-01,Opex,Salaries,Sales,Budget,136368.17
2025-01-01,Opex,Salaries,Marketing,Actual,209279.54
2025-01-01,Opex,Salaries,Marketing,Budget,197046.54
2025-01-01,Opex,Salaries,Operations,Actual,265760.21
2025-01-01,Opex,Salaries,Operations,Budget,270505.43
2025-01-01,Opex,Salaries,IT,Actual,288119.46
2025-01-01,Opex,Salaries,IT,Budget,299496.83
2025-01-01,Opex,Salaries,HR,Actual,366351.32
2025-01-01,Opex,Salaries,HR,Budget,363637.98
2025-01-01,Opex,Rent,Sales,Actual,162571.16
2025-01-01,Opex,Rent,Sales,Budget,148987.93
2025-01-01,Opex,Rent,Marketing,Actual,221311.17
2025-01-01,Opex,Rent,Marketing,Budget,205270.9
2025-01-01,Opex,Rent,Operations,Actual,224595.73
2025-01-01,Opex,Rent,Operations,Budget,258175.97
2025-01-01,Opex,Rent,IT,Actual,317849.13
2025-01-01,Opex,Rent,IT,Budget,358306.54
2025-01-01,Opex,Rent,HR,Actual,351946.95
2025-01-01,Opex,Rent,HR,Budget,342076.72
2025-01-01,Opex,Utilities,Sales,Actual,191659.43
2025-01-01,Opex,Utilities,Sales,Budget,176734.43
2025-01-01,Opex,Utilities,Marketing,Actual,216552.52
2025-01-01,Opex,Utilities,Marketing,Budget,212396.97
2025-01-01,Opex,Utilities,Operations,Actual,253735.56
2025-01-01,Opex,Utilities,Operations,Budget,302054.5
2025-01-01,Opex,Utilities,IT,Actual,314802.74
2025-01-01,Opex,Utilities,IT,Budget,319274.07
2025-01-01,Opex,Utilities,HR,Actual,358679.94
2025-01-01,Opex,Utilities,HR,Budget,415906.62
2025-01-01,Opex,Marketing,Sales,Actual,173634.33
2025-01-01,Opex,Marketing,Sales,Budget,192184.12
2025-01-01,Opex,Marketing,Marketing,Actual,233672.76
2025-01-01,Opex,Marketing,Marketing,Budget,240201.87
2025-01-01,Opex,Marketing,Operations,Actual,265262.18
2025-01-01,Opex,Marketing,Operations,Budget,299463.71
2025-01-01,Opex,Marketing,IT,Actual,361850.91
2025-01-01,Opex,Marketing,IT,Budget,338866.76
2025-01-01,Opex,Marketing,HR,Actual,359029.8
2025-01-01,Opex,Marketing,HR,Budget,361956.68
2025-01-01,Opex,IT,Sales,Actual,192174.18
2025-01-01,Opex,IT,Sales,Budget,192599.38
2025-01-01,Opex,IT,Marketing,Actual,238497.01
2025-01-01,Opex,IT,Marketing,Budget,247370.33
2025-01-01,Opex,IT,Operations,Actual,264324.34
2025-01-01,Opex,IT,Operations,Budget,312297.84
2025-01-01,Opex,IT,IT,Actual,344780.09
2025-01-01,Opex,IT,IT,Budget,348677.83
2025-01-01,Opex,IT,HR,Actual,395425.46
2025-01-01,Opex,IT,HR,Budget,423371.74
2025-02-01,Revenue,Product Sales,All,Actual,5188758.42
2025-02-01,Revenue,Product Sales,All,Budget,5098584.64
2025-02-01,Revenue,Service Income,All,Actual,4904244.97
2025-02-01,Revenue,Service Income,All,Budget,4928831.6
2025-02-01,COGS,Materials,All,Actual,2694431.13
2025-02-01,COGS,Materials,All,Budget,2634573.49
2025-02-01,COGS,Freight,All,Actual,2637645.33
2025-02-01,COGS,Freight,All,Budget,2795857.55
2025-02-01,Opex,Salaries,Sales,Actual,152303.42
2025-02-01,Opex,Salaries,Sales,Budget,165828.54
2025-02-01,Opex,Salaries,Marketing,Actual,205698.26
2025-02-01,Opex,Salaries,Marketing,Budget,203164.79
2025-02-01,Opex,Salaries,Operations,Actual,247014.89
2025-02-01,Opex,Salaries,Operations,Budget,251888.51
2025-02-01,Opex,Salaries,IT,Actual,313712.25
2025-02-01,Opex,Salaries,IT,Budget,311448.97
2025-02-01,Opex,Salaries,HR,Actual,343321.36
2025-02-01,Opex,Salaries,HR,Budget,380404.78
2025-02-01,Opex,Rent,Sales,Actual,162935.9
2025-02-01,Opex,Rent,Sales,Budget,162335.0
2025-02-01,Opex,Rent,Marketing,Actual,192762.31
2025-02-01,Opex,Rent,Marketing,Budget,223924.64
2025-02-01,Opex,Rent,Operations,Actual,265752.5
2025-02-01,Opex,Rent,Operations,Budget,270666.93
2025-02-01,Opex,Rent,IT,Actual,303874.28
2025-02-01,Opex,Rent,IT,Budget,305757.15
2025-02-01,Opex,Rent,HR,Actual,357076.12
2025-02-01,Opex,Rent,HR,Budget,377886.57
2025-02-01,Opex,Utilities,Sales,Actual,170680.58
2025-02-01,Opex,Utilities,Sales,Budget,175666.58
2025-02-01,Opex,Utilities,Marketing,Actual,215763.9
2025-02-01,Opex,Utilities,Marketing,Budget,233174.21
2025-02-01,Opex,Utilities,Operations,Actual,275812.78
2025-02-01,Opex,Utilities,Operations,Budget,267880.65
2025-02-01,Opex,Utilities,IT,Actual,336688.31
2025-02-01,Opex,Utilities,IT,Budget,346949.01
2025-02-01,Opex,Utilities,HR,Actual,390159.45
2025-02-01,Opex,Utilities,HR,Budget,380243.98
2025-02-01,Opex,Marketing,Sales,Actual,179879.76
2025-02-01,Opex,Marketing,Sales,Budget,174801.85
2025-02-01,Opex,Marketing,Marketing,Actual,242504.87
2025-02-01,Opex,Marketing,Marketing,Budget,209229.76
2025-02-01,Opex,Marketing,Operations,Actual,275384.97
2025-02-01,Opex,Marketing,Operations,Budget,284709.9
2025-02-01,Opex,Marketing,IT,Actual,349055.88
2025-02-01,Opex,Marketing,IT,Budget,341947.79
2025-02-01,Opex,Marketing,HR,Actual,359894.37
2025-02-01,Opex,Marketing,HR,Budget,360758.54
2025-02-01,Opex,IT,Sales,Actual,183600.38
2025-02-01,Opex,IT,Sales,Budget,198988.14
2025-02-01,Opex,IT,Marketing,Actual,242799.28
2025-02-01,Opex,IT,Marketing,Budget,246390.47
2025-02-01,Opex,IT,Operations,Actual,280010.55
2025-02-01,Opex,IT,Operations,Budget,297078.51
2025-02-01,Opex,IT,IT,Actual,362474.1
2025-02-01,Opex,IT,IT,Budget,329679.21
2025-02-01,Opex,IT,HR,Actual,392791.29
2025-02-01,Opex,IT,HR,Budget,441828.75
2025-03-01,Revenue,Product Sales,All,Actual,5240475.84
2025-03-01,Revenue,Product Sales,All,Budget,5176809.4
2025-03-01,Revenue,Service Income,All,Actual,5139668.53
2025-03-01,Revenue,Service Income,All,Budget,5532305.66
2025-03-01,COGS,Materials,All,Actual,3003563.98
2025-03-01,COGS,Materials,All,Budget,2657044.01
2025-03-01,COGS,Freight,All,Actual,2870209.19
2025-03-01,COGS,Freight,All,Budget,3065488.47
2025-03-01,Opex,Salaries,Sales,Actual,148961.07
2025-03-01,Opex,Salaries,Sales,Budget,161013.07
2025-03-01,Opex,Salaries,Marketing,Actual,222448.62
2025-03-01,Opex,Salaries,Marketing,Budget,204091.54
2025-03-01,Opex,Salaries,Operations,Actual,260888.85
2025-03-01,Opex,Salaries,Operations,Budget,260717.69
2025-03-01,Opex,Salaries,IT,Actual,268881.31
2025-03-01,Opex,Salaries,IT,Budget,319433.25
2025-03-01,Opex,Salaries,HR,Actual,350089.29
2025-03-01,Opex,Salaries,HR,Budget,384333.51
2025-03-01,Opex,Rent,Sales,Actual,184598.93
2025-03-01,Opex,Rent,Sales,Budget,175649.49
2025-03-01,Opex,Rent,Marketing,Actual,209282.62
2025-03-01,Opex,Rent,Marketing,Budget,226199.94
2025-03-01,Opex,Rent,Operations,Actual,267196.22
2025-03-01,Opex,Rent,Operations,Budget,288124.01
2025-03-01,Opex,Rent,IT,Actual,286893.24
2025-03-01,Opex,Rent,IT,Budget,301446.39
2025-03-01,Opex,Rent,HR,Actual,319333.21
2025-03-01,Opex,Rent,HR,Budget,388178.73
2025-03-01,Opex,Utilities,Sales,Actual,173801.57
2025-03-01,Opex,Utilities,Sales,Budget,172536.96
2025-03-01,Opex,Utilities,Marketing,Actual,214252.68
2025-03-01,Opex,Utilities,Marketing,Budget,223029.75
2025-03-01,Opex,Utilities,Operations,Actual,258746.71
2025-03-01,Opex,Utilities,Operations,Budget,276936.16
2025-03-01,Opex,Utilities,IT,Actual,314392.44
2025-03-01,Opex,Utilities,IT,Budget,360741.1
2025-03-01,Opex,Utilities,HR,Actual,381255.02
2025-03-01,Opex,Utilities,HR,Budget,366852.35
2025-03-01,Opex,Marketing,Sales,Actual,177553.9
2025-03-01,Opex,Marketing,Sales,Budget,202756.3
2025-03-01,Opex,Marketing,Marketing,Actual,240352.08
2025-03-01,Opex,Marketing,Marketing,Budget,245164.36
2025-03-01,Opex,Marketing,Operations,Actual,296279.82
2025-03-01,Opex,Marketing,Operations,Budget,319547.37
2025-03-01,Opex,Marketing,IT,Actual,309604.92
2025-03-01,Opex,Marketing,IT,Budget,329076.68
2025-03-01,Opex,Marketing,HR,Actual,343896.12
2025-03-01,Opex,Marketing,HR,Budget,406922.06
2025-03-01,Opex,IT,Sales,Actual,189590.55
2025-03-01,Opex,IT,Sales,Budget,191999.65
2025-03-01,Opex,IT,Marketing,Actual,232840.97
2025-03-01,Opex,IT,Marketing,Budget,261441.46
2025-03-01,Opex,IT,Operations,Actual,291493.71
2025-03-01,Opex,IT,Operations,Budget,293461.59
2025-03-01,Opex,IT,IT,Actual,369910.64
2025-03-01,Opex,IT,IT,Budget,332729.05
2025-03-01,Opex,IT,HR,Actual,364110.08
2025-03-01,Opex,IT,HR,Budget,467157.42
2025-04-01,Revenue,Product Sales,All,Actual,4800960.23
2025-04-01,Revenue,Product Sales,All,Budget,5035152.39
2025-04-01,Revenue,Service Income,All,Actual,5023319.87
2025-04-01,Revenue,Service Income,All,Budget,5166250.5
2025-04-01,COGS,Materials,All,Actual,2716535.49
2025-04-01,COGS,Materials,All,Budget,2682221.53
2025-04-01,COGS,Freight,All,Actual,2500211.57
2025-04-01,COGS,Freight,All,Budget,2741941.6
2025-04-01,Opex,Salaries,Sales,Actual,170215.94
2025-04-01,Opex,Salaries,Sales,Budget,170688.45
2025-04-01,Opex,Salaries,Marketing,Actual,203920.33
2025-04-01,Opex,Salaries,Marketing,Budget,222099.36
2025-04-01,Opex,Salaries,Operations,Actual,250078.84
2025-04-01,Opex,Salaries,Operations,Budget,262832.93
2025-04-01,Opex,Salaries,IT,Actual,283337.06
2025-04-01,Opex,Salaries,IT,Budget,309388.74
2025-04-01,Opex,Salaries,HR,Actual,359002.48
2025-04-01,Opex,Salaries,HR,Budget,363069.26
2025-04-01,Opex,Rent,Sales,Actual,173668.83
2025-04-01,Opex,Rent,Sales,Budget,189741.39
2025-04-01,Opex,Rent,Marketing,Actual,233128.42
2025-04-01,Opex,Rent,Marketing,Budget,218527.81
2025-04-01,Opex,Rent,Operations,Actual,254330.32
2025-04-01,Opex,Rent,Operations,Budget,263563.55
2025-04-01,Opex,Rent,IT,Actual,297460.93
2025-04-01,Opex,Rent,IT,Budget,326124.89
2025-04-01,Opex,Rent,HR,Actual,375247.77
2025-04-01,Opex,Rent,HR,Budget,380999.55
2025-04-01,Opex,Utilities,Sales,Actual,178044.94
2025-04-01,Opex,Utilities,Sales,Budget,182950.59
2025-04-01,Opex,Utilities,Marketing,Actual,224209.35
2025-04-01,Opex,Utilities,Marketing,Budget,222713.65
2025-04-01,Opex,Utilities,Operations,Actual,304560.14
2025-04-01,Opex,Utilities,Operations,Budget,301627.12
2025-04-01,Opex,Utilities,IT,Actual,308234.52
2025-04-01,Opex,Utilities,IT,Budget,318073.47
2025-04-01,Opex,Utilities,HR,Actual,362773.74
2025-04-01,Opex,Utilities,HR,Budget,388025.13
2025-04-01,Opex,Marketing,Sales,Actual,200050.95
2025-04-01,Opex,Marketing,Sales,Budget,202905.69
2025-04-01,Opex,Marketing,Marketing,Actual,251119.35
2025-04-01,Opex,Marketing,Marketing,Budget,258483.73
2025-04-01,Opex,Marketing,Operations,Actual,304985.86
2025-04-01,Opex,Marketing,Operations,Budget,307221.59
2025-04-01,Opex,Marketing,IT,Actual,345162.79
2025-04-01,Opex,Marketing,IT,Budget,343679.87
2025-04-01,Opex,Marketing,HR,Actual,345614.33
2025-04-01,Opex,Marketing,HR,Budget,394587.21
2025-04-01,Opex,IT,Sales,Actual,217191.26
2025-04-01,Opex,IT,Sales,Budget,195530.0
2025-04-01,Opex,IT,Marketing,Actual,236764.77
2025-04-01,Opex,IT,Marketing,Budget,268397.05
2025-04-01,Opex,IT,Operations,Actual,297431.9
2025-04-01,Opex,IT,Operations,Budget,296354.26
2025-04-01,Opex,IT,IT,Actual,378337.09
2025-04-01,Opex,IT,IT,Budget,369337.48
2025-04-01,Opex,IT,HR,Actual,414000.05
2025-04-01,Opex,IT,HR,Budget,394465.69
2025-05-01,Revenue,Product Sales,All,Actual,5243721.49
2025-05-01,Revenue,Product Sales,All,Budget,5454650.24
2025-05-01,Revenue,Service Income,All,Actual,5297371.83
2025-05-01,Revenue,Service Income,All,Budget,5304200.01
2025-05-01,COGS,Materials,All,Actual,2925090.22
2025-05-01,COGS,Materials,All,Budget,2773130.89
2025-05-01,COGS,Freight,All,Actual,2919865.36
2025-05-01,COGS,Freight,All,Budget,2981431.55
2025-05-01,Opex,Salaries,Sales,Actual,154313.66
2025-05-01,Opex,Salaries,Sales,Budget,155404.87
2025-05-01,Opex,Salaries,Marketing,Actual,207266.71
2025-05-01,Opex,Salaries,Marketing,Budget,199096.11
2025-05-01,Opex,Salaries,Operations,Actual,263276.83
2025-05-01,Opex,Salaries,Operations,Budget,270301.97
2025-05-01,Opex,Salaries,IT,Actual,290470.47
2025-05-01,Opex,Salaries,IT,Budget,318119.05
2025-05-01,Opex,Salaries,HR,Actual,380934.47
2025-05-01,Opex,Salaries,HR,Budget,391564.87
2025-05-01,Opex,Rent,Sales,Actual,178186.25
2025-05-01,Opex,Rent,Sales,Budget,171524.37
2025-05-01,Opex,Rent,Marketing,Actual,213577.22
2025-05-01,Opex,Rent,Marketing,Budget,219427.51
2025-05-01,Opex,Rent,Operations,Actual,277530.29
2025-05-01,Opex,Rent,Operations,Budget,313858.03
2025-05-01,Opex,Rent,IT,Actual,344807.48
2025-05-01,Opex,Rent,IT,Budget,357796.55
2025-05-01,Opex,Rent,HR,Actual,397805.89
2025-05-01,Opex,Rent,HR,Budget,343430.15
2025-05-01,Opex,Utilities,Sales,Actual,175856.32
2025-05-01,Opex,Utilities,Sales,Budget,178719.36
2025-05-01,Opex,Utilities,Marketing,Actual,245094.22
2025-05-01,Opex,Utilities,Marketing,Budget,257937.12
2025-05-01,Opex,Utilities,Operations,Actual,266925.85
2025-05-01,Opex,Utilities,Operations,Budget,286984.85
2025-05-01,Opex,Utilities,IT,Actual,338965.23
2025-05-01,Opex,Utilities,IT,Budget,328227.17
2025-05-01,Opex,Utilities,HR,Actual,363745.13
2025-05-01,Opex,Utilities,HR,Budget,373975.68
2025-05-01,Opex,Marketing,Sales,Actual,197981.54
2025-05-01,Opex,Marketing,Sales,Budget,183385.15
2025-05-01,Opex,Marketing,Marketing,Actual,254212.33
2025-05-01,Opex,Marketing,Marketing,Budget,246380.24
2025-05-01,Opex,Marketing,Operations,Actual,300988.81
2025-05-01,Opex,Marketing,Operations,Budget,323338.26
2025-05-01,Opex,Marketing,IT,Actual,324434.17
2025-05-01,Opex,Marketing,IT,Budget,331577.77
2025-05-01,Opex,Marketing,HR,Actual,397934.38
2025-05-01,Opex,Marketing,HR,Budget,375623.44
2025-05-01,Opex,IT,Sales,Actual,189327.29
2025-05-01,Opex,IT,Sales,Budget,202591.92
2025-05-01,Opex,IT,Marketing,Actual,250334.04
2025-05-01,Opex,IT,Marketing,Budget,236938.62
2025-05-01,Opex,IT,Operations,Actual,291167.66
2025-05-01,Opex,IT,Operations,Budget,317353.47
2025-05-01,Opex,IT,IT,Actual,376041.72
2025-05-01,Opex,IT,IT,Budget,317528.48
2025-05-01,Opex,IT,HR,Actual,429134.23
2025-05-01,Opex,IT,HR,Budget,430952.94
2025-06-01,Revenue,Product Sales,All,Actual,4788395.41
2025-06-01,Revenue,Product Sales,All,Budget,4811835.41
2025-06-01,Revenue,Service Income,All,Actual,4748569.83
2025-06-01,Revenue,Service Income,All,Budget,4992956.15
2025-06-01,COGS,Materials,All,Actual,2454158.64
2025-06-01,COGS,Materials,All,Budget,2557061.35
2025-06-01,COGS,Freight,All,Actual,2538303.68
2025-06-01,COGS,Freight,All,Budget,2629210.92
2025-06-01,Opex,Salaries,Sales,Actual,176849.96
2025-06-01,Opex,Salaries,Sales,Budget,181067.19
2025-06-01,Opex,Salaries,Marketing,Actual,213026.81
2025-06-01,Opex,Salaries,Marketing,Budget,213336.25
2025-06-01,Opex,Salaries,Operations,Actual,296868.72
2025-06-01,Opex,Salaries,Operations,Budget,277750.26
2025-06-01,Opex,Salaries,IT,Actual,317916.18
2025-06-01,Opex,Salaries,IT,Budget,298916.58
2025-06-01,Opex,Salaries,HR,Actual,376744.83
2025-06-01,Opex,Salaries,HR,Budget,354101.58
2025-06-01,Opex,Rent,Sales,Actual,165353.66
2025-06-01,Opex,Rent,Sales,Budget,161549.89
2025-06-01,Opex,Rent,Marketing,Actual,213189.32
2025-06-01,Opex,Rent,Marketing,Budget,227421.09
2025-06-01,Opex,Rent,Operations,Actual,245821.66
2025-06-01,Opex,Rent,Operations,Budget,263679.28
2025-06-01,Opex,Rent,IT,Actual,318515.88
2025-06-01,Opex,Rent,IT,Budget,305480.22
2025-06-01,Opex,Rent,HR,Actual,342347.48
2025-06-01,Opex,Rent,HR,Budget,362732.06
2025-06-01,Opex,Utilities,Sales,Actual,164880.78
2025-06-01,Opex,Utilities,Sales,Budget,192005.08
2025-06-01,Opex,Utilities,Marketing,Actual,216360.25
2025-06-01,Opex,Utilities,Marketing,Budget,247469.8
2025-06-01,Opex,Utilities,Operations,Actual,295471.35
2025-06-01,Opex,Utilities,Operations,Budget,268371.83
2025-06-01,Opex,Utilities,IT,Actual,330807.27
2025-06-01,Opex,Utilities,IT,Budget,330466.58
2025-06-01,Opex,Utilities,HR,Actual,354189.23
2025-06-01,Opex,Utilities,HR,Budget,383803.98
2025-06-01,Opex,Marketing,Sales,Actual,187262.25
2025-06-01,Opex,Marketing,Sales,Budget,203773.37
2025-06-01,Opex,Marketing,Marketing,Actual,254711.37
2025-06-01,Opex,Marketing,Marketing,Budget,231417.91
2025-06-01,Opex,Marketing,Operations,Actual,282962.78
2025-06-01,Opex,Marketing,Operations,Budget,307897.98
2025-06-01,Opex,Marketing,IT,Actual,363945.74
2025-06-01,Opex,Marketing,IT,Budget,300544.58
2025-06-01,Opex,Marketing,HR,Actual,419827.09
2025-06-01,Opex,Marketing,HR,Budget,397783.72
2025-06-01,Opex,IT,Sales,Actual,218338.22
2025-06-01,Opex,IT,Sales,Budget,200930.04
2025-06-01,Opex,IT,Marketing,Actual,237570.97
2025-06-01,Opex,IT,Marketing,Budget,258172.94
2025-06-01,Opex,IT,Operations,Actual,320998.42
2025-06-01,Opex,IT,Operations,Budget,309550.97
2025-06-01,Opex,IT,IT,Actual,300609.55
2025-06-01,Opex,IT,IT,Budget,374835.37
2025-06-01,Opex,IT,HR,Actual,361456.07
2025-06-01,Opex,IT,HR,Budget,388566.95
